gu,d,s,ratio,q
광진구,132.38111831943158,8,16.55,A
강북구,140.6300430239705,10,14.06,A
금천구,76.09728448275862,6,12.68,A
은평구,59.949796325878594,8,7.49,C
서대문구,76.55613475984521,14,5.47,A
관악구,60.658779411764705,13,4.67,C
성동구,92.64881605351171,21,4.41,B
종로구,58.18863082039911,15,3.88,C
중구,78.51942808798647,21,3.74,B
동대문구,55.88068865030675,17,3.29,C
용산구,65.47485791610283,20,3.27,A
강서구,74.55392630898513,25,2.98,B
강동구,83.81868387351,30,2.79,B
중랑구,52.078017179670724,19,2.74,C
구로구,70.75827095103578,27,2.62,B
성북구,58.39040382317802,26,2.25,D
양천구,61.80670913203953,28,2.21,D
영등포구,61.77479673947121,31,1.99,D
마포구,63.45843482224248,32,1.98,B
동작구,33.659517351416035,18,1.87,C
송파구,76.31727479039273,41,1.86,B
도봉구,51.273690199120765,28,1.83,D
노원구,59.19940611524892,37,1.6,D
서초구,64.36475771839956,50,1.29,B
강남구,58.89300724273212,53,1.11,D
