gu,충전량
송파구,2660.7053406593404
강남구,2573.430263736264
서초구,2043.5456923076924
강동구,1869.9856263736262
성동구,1806.155164835165
마포구,1529.97589010989
노원구,1346.4471868131868
구로구,1321.2357582417583
영등포구,1299.1714945054946
강서구,1267.4167472527472
양천구,1140.911098901099
성북구,1074.1267692307692
중구,1019.8897142857143
강북구,1005.7366153846153
광진구,941.7970989010989
도봉구,872.0098461538461
용산구,850.7414505494505
동대문구,800.7518461538463
중랑구,799.4834065934066
서대문구,739.1452747252747
종로구,692.124989010989
관악구,453.27439560439564
동작구,372.25762637362635
금천구,349.21127472527473
은평구,329.9215164835165
