gu,실제,예측
서초구,290336.83,267671.5462243426
강동구,200246.80000000002,195988.4158151795
강북구,189358.68,191586.18104303896
노원구,149874.87999999995,149289.31696139486
송파구,148978.85000000006,156612.74199947424
성동구,142730.99999999997,131657.0485326907
강남구,135803.91999999995,138164.51742999614
마포구,130094.58000000002,130744.23777216942
영등포구,127308.64999999995,120982.3072045639
성북구,124964.5,128704.97079271861
강서구,99416.76000000004,106531.18356312072
동대문구,91381.77000000003,84613.93019135678
중구,84635.44000000002,78245.35017870918
광진구,72303.65000000001,73357.90473744736
구로구,68381.21,69130.22986508571
종로구,68208.18,75865.60669053318
금천구,66794.16,69839.72902097764
용산구,66214.95999999999,72782.0996734174
도봉구,62539.029999999984,55665.934852245846
중랑구,57061.719999999994,53837.59491523631
양천구,54294.43000000004,50447.97846486412
서대문구,53312.57000000002,58814.99076609244
동작구,37972.33,38951.01144208727
은평구,31665.139999999992,31880.313171524846
관악구,19891.569999999992,21150.524195788763
