시군구,예측수요(kWh/일),실제충전량합계(23-25),수요대비공급비율
송파구,1619.0,283956.89,175.4
강남구,1556.0,678394.2679999999,436.0
마포구,1031.0,304921.61,295.8
서초구,900.0,498062.789,553.4
용산구,858.0,47387.079999999994,55.2
도봉구,851.0,299980.45999999996,352.5
강동구,850.0,108789.655,128.0
광진구,689.0,496566.442,720.7
강서구,662.0,87189.14,131.7
노원구,657.0,204685.408,311.5
구로구,649.0,119416.01500000001,184.0
양천구,619.0,201434.541,325.4
영등포구,555.0,75831.99,136.6
성북구,412.0,79769.08,193.6
동대문구,374.0,158515.29,423.8
성동구,374.0,162096.161,433.4
중랑구,350.0,410721.24,1173.5
중구,345.0,364041.796,1055.2
관악구,314.0,44929.46000000001,143.1
동작구,267.0,225111.022,843.1
은평구,247.0,57577.851,233.1
강북구,243.0,155080.11,638.2
서대문구,239.0,144529.75,604.7
금천구,225.0,24400.77,108.4
종로구,192.0,219469.265,1143.1
