시군구,2023년,2024년,2025년,합계
강남구,149976.299,251477.05299999999,276940.916,678394.2679999999
서초구,186103.44,174740.675,137218.674,498062.789
광진구,156274.828,181890.358,158401.256,496566.442
중랑구,122341.5,115232.3,173147.44,410721.24
중구,84881.852,128236.453,150923.491,364041.796
마포구,75203.71,64936.12,164781.78,304921.61
도봉구,7577.41,106293.37,186109.68,299980.45999999996
송파구,37617.69,99386.55,146952.65,283956.89
동작구,62655.399,67728.814,94726.809,225111.022
종로구,40864.333,74358.06,104246.872,219469.265
노원구,0.0,17854.904,186830.504,204685.408
양천구,6424.045,49653.396,145357.1,201434.541
성동구,40701.761,47724.68,73669.72,162096.161
동대문구,0.0,38796.633,119718.657,158515.29
강북구,24489.13,57293.05,73297.93,155080.11
서대문구,43877.49,44276.84,56375.42,144529.75
구로구,2751.476,59396.273,57268.266,119416.01500000001
강동구,20317.618,16295.267,72176.77,108789.655
강서구,26009.1,9295.741,51884.299,87189.14
성북구,0.0,4319.76,75449.32,79769.08
영등포구,6587.68,28295.33,40948.98,75831.99
은평구,0.0,13184.593,44393.258,57577.851
용산구,0.0,11612.06,35775.02,47387.079999999994
관악구,8326.46,13583.87,23019.13,44929.46000000001
금천구,8662.74,8589.59,7148.44,24400.77
